{
  "frame_pixel_num": 2073600,
  "i_frame_num": 1,
  "p_frame_num": 499,
  "ave_i_frame_bpp": 0.2188155864197531,
  "ave_i_frame_psnr": 41.68383204400083,
  "ave_i_frame_msssim": 0.0,
  "ave_i_frame_psnr_y": 40.124210012725584,
  "ave_i_frame_psnr_u": 45.59935773272016,
  "ave_i_frame_psnr_v": 47.12603854293299,
  "ave_i_frame_msssim_y": 0.0,
  "ave_i_frame_msssim_u": 0.0,
  "ave_i_frame_msssim_v": 0.0,
  "test_time": 68.12239480018616,
  "ave_p_frame_bpp": 0.07245865960315694,
  "ave_p_frame_psnr": 39.79840305642613,
  "ave_p_frame_msssim": 0.0,
  "ave_p_frame_psnr_y": 38.30072869918092,
  "ave_p_frame_psnr_u": 43.78243223690459,
  "ave_p_frame_psnr_v": 44.80042001941876,
  "ave_p_frame_msssim_y": 0.0,
  "ave_p_frame_msssim_u": 0.0,
  "ave_p_frame_msssim_v": 0.0,
  "ave_all_frame_bpp": 0.07275137345679013,
  "ave_all_frame_psnr": 39.80217391440128,
  "ave_all_frame_msssim": 0.0,
  "ave_all_frame_psnr_y": 38.30437566180801,
  "ave_all_frame_psnr_u": 43.786066087896224,
  "ave_all_frame_psnr_v": 44.80507125646579,
  "ave_all_frame_msssim_y": 0.0,
  "ave_all_frame_msssim_u": 0.0,
  "ave_all_frame_msssim_v": 0.0
}