{
  "frame_pixel_num": 2073600,
  "i_frame_num": 1,
  "p_frame_num": 499,
  "ave_i_frame_bpp": 0.0353587962962963,
  "ave_i_frame_psnr": 37.19453679553206,
  "ave_i_frame_msssim": 0.0,
  "ave_i_frame_psnr_y": 35.44170977407025,
  "ave_i_frame_psnr_u": 42.61340047150696,
  "ave_i_frame_psnr_v": 42.29263524832803,
  "ave_i_frame_msssim_y": 0.0,
  "ave_i_frame_msssim_u": 0.0,
  "ave_i_frame_msssim_v": 0.0,
  "test_time": 64.15458106994629,
  "ave_p_frame_bpp": 0.006030154444691853,
  "ave_p_frame_psnr": 34.47928070329284,
  "ave_p_frame_msssim": 0.0,
  "ave_p_frame_psnr_y": 32.49773353553823,
  "ave_p_frame_psnr_u": 40.813873358960095,
  "ave_p_frame_psnr_v": 40.03397105415318,
  "ave_p_frame_msssim_y": 0.0,
  "ave_p_frame_msssim_u": 0.0,
  "ave_p_frame_msssim_v": 0.0,
  "ave_all_frame_bpp": 0.006088811728395062,
  "ave_all_frame_psnr": 34.48471121547731,
  "ave_all_frame_msssim": 0.0,
  "ave_all_frame_psnr_y": 32.5036214880153,
  "ave_all_frame_psnr_u": 40.817472413185186,
  "ave_all_frame_psnr_v": 40.03848838254152,
  "ave_all_frame_msssim_y": 0.0,
  "ave_all_frame_msssim_u": 0.0,
  "ave_all_frame_msssim_v": 0.0
}