{
  "frame_pixel_num": 2073600,
  "i_frame_num": 1,
  "p_frame_num": 499,
  "ave_i_frame_bpp": 0.08025077160493826,
  "ave_i_frame_psnr": 39.731607714636304,
  "ave_i_frame_msssim": 0.0,
  "ave_i_frame_psnr_y": 38.06258152868915,
  "ave_i_frame_psnr_u": 44.39461554552956,
  "ave_i_frame_psnr_v": 45.08275699942597,
  "ave_i_frame_msssim_y": 0.0,
  "ave_i_frame_msssim_u": 0.0,
  "ave_i_frame_msssim_v": 0.0,
  "test_time": 65.13739657402039,
  "ave_p_frame_bpp": 0.021003032299166235,
  "ave_p_frame_psnr": 37.68053249982195,
  "ave_p_frame_msssim": 0.0,
  "ave_p_frame_psnr_y": 36.00200328560375,
  "ave_p_frame_psnr_u": 42.59714714355146,
  "ave_p_frame_psnr_v": 42.83509314140162,
  "ave_p_frame_msssim_y": 0.0,
  "ave_p_frame_msssim_u": 0.0,
  "ave_p_frame_msssim_v": 0.0,
  "ave_all_frame_bpp": 0.021121527777777777,
  "ave_all_frame_psnr": 37.684634650251574,
  "ave_all_frame_msssim": 0.0,
  "ave_all_frame_psnr_y": 36.00612444208992,
  "ave_all_frame_psnr_u": 42.60074208035542,
  "ave_all_frame_psnr_v": 42.83958846911767,
  "ave_all_frame_msssim_y": 0.0,
  "ave_all_frame_msssim_u": 0.0,
  "ave_all_frame_msssim_v": 0.0
}