{
  "frame_pixel_num": 2073600,
  "i_frame_num": 1,
  "p_frame_num": 499,
  "ave_i_frame_bpp": 0.016554783950617283,
  "ave_i_frame_psnr": 33.852617871599776,
  "ave_i_frame_msssim": 0.0,
  "ave_i_frame_psnr_y": 31.97004219011797,
  "ave_i_frame_psnr_u": 39.97360266211033,
  "ave_i_frame_psnr_v": 39.02708716998008,
  "ave_i_frame_msssim_y": 0.0,
  "ave_i_frame_msssim_u": 0.0,
  "ave_i_frame_msssim_v": 0.0,
  "test_time": 63.40104627609253,
  "ave_p_frame_bpp": 0.001613582102476558,
  "ave_p_frame_psnr": 30.41139247207015,
  "ave_p_frame_msssim": 0.0,
  "ave_p_frame_psnr_y": 28.186654824677593,
  "ave_p_frame_psnr_u": 37.94227403102508,
  "ave_p_frame_psnr_v": 36.228936797470475,
  "ave_p_frame_msssim_y": 0.0,
  "ave_p_frame_msssim_u": 0.0,
  "ave_p_frame_msssim_v": 0.0,
  "ave_all_frame_bpp": 0.0016434645061728394,
  "ave_all_frame_psnr": 30.418274922869212,
  "ave_all_frame_msssim": 0.0,
  "ave_all_frame_psnr_y": 28.194221599408472,
  "ave_all_frame_psnr_u": 37.94633668828725,
  "ave_all_frame_psnr_v": 36.23453309821549,
  "ave_all_frame_msssim_y": 0.0,
  "ave_all_frame_msssim_u": 0.0,
  "ave_all_frame_msssim_v": 0.0
}