{
  "frame_pixel_num": 2073600,
  "i_frame_num": 1,
  "p_frame_num": 499,
  "ave_i_frame_bpp": 0.08029706790123457,
  "ave_i_frame_psnr": 39.73270361031193,
  "ave_i_frame_msssim": 0.0,
  "ave_i_frame_psnr_y": 38.061838079338294,
  "ave_i_frame_psnr_u": 44.415568123184165,
  "ave_i_frame_psnr_v": 45.075032283281445,
  "ave_i_frame_msssim_y": 0.0,
  "ave_i_frame_msssim_u": 0.0,
  "ave_i_frame_msssim_v": 0.0,
  "test_time": 78.17840909957886,
  "ave_p_frame_bpp": 0.021002978178579382,
  "ave_p_frame_psnr": 37.679460073147936,
  "ave_p_frame_msssim": 0.0,
  "ave_p_frame_psnr_y": 36.00066775932749,
  "ave_p_frame_psnr_u": 42.5969032162495,
  "ave_p_frame_psnr_v": 42.83477081296895,
  "ave_p_frame_msssim_y": 0.0,
  "ave_p_frame_msssim_u": 0.0,
  "ave_p_frame_msssim_v": 0.0,
  "ave_all_frame_bpp": 0.02112156635802469,
  "ave_all_frame_psnr": 37.68356656022227,
  "ave_all_frame_msssim": 0.0,
  "avg_frame_encoding_time": 0.01857062359245456,
  "avg_frame_decoding_time": 0.020551145320035973,
  "ave_all_frame_psnr_y": 36.00479009996751,
  "ave_all_frame_psnr_u": 42.60054054606338,
  "ave_all_frame_psnr_v": 42.83925133590957,
  "ave_all_frame_msssim_y": 0.0,
  "ave_all_frame_msssim_u": 0.0,
  "ave_all_frame_msssim_v": 0.0
}