{
  "frame_pixel_num": 2073600,
  "i_frame_num": 1,
  "p_frame_num": 499,
  "ave_i_frame_bpp": 0.016516203703703703,
  "ave_i_frame_psnr": 33.84782987248839,
  "ave_i_frame_msssim": 0.0,
  "ave_i_frame_psnr_y": 31.962146620525566,
  "ave_i_frame_psnr_u": 39.963676005643535,
  "ave_i_frame_psnr_v": 39.0460832511102,
  "ave_i_frame_msssim_y": 0.0,
  "ave_i_frame_msssim_u": 0.0,
  "ave_i_frame_msssim_v": 0.0,
  "test_time": 77.16021752357483,
  "ave_p_frame_bpp": 0.0016100797273559465,
  "ave_p_frame_psnr": 30.386459635370738,
  "ave_p_frame_msssim": 0.0,
  "ave_p_frame_psnr_y": 28.159642130812006,
  "ave_p_frame_psnr_u": 37.930969037904326,
  "ave_p_frame_psnr_v": 36.20285526018962,
  "ave_p_frame_msssim_y": 0.0,
  "ave_p_frame_msssim_u": 0.0,
  "ave_p_frame_msssim_v": 0.0,
  "ave_all_frame_bpp": 0.0016398919753086419,
  "ave_all_frame_psnr": 30.393382375844972,
  "ave_all_frame_msssim": 0.0,
  "avg_frame_encoding_time": 0.018403958787723464,
  "avg_frame_decoding_time": 0.02050439776206503,
  "ave_all_frame_psnr_y": 28.167247139791435,
  "ave_all_frame_psnr_u": 37.9350344518398,
  "ave_all_frame_psnr_v": 36.20854171617146,
  "ave_all_frame_msssim_y": 0.0,
  "ave_all_frame_msssim_u": 0.0,
  "ave_all_frame_msssim_v": 0.0
}