{
  "frame_pixel_num": 2073600,
  "i_frame_num": 1,
  "p_frame_num": 499,
  "ave_i_frame_bpp": 0.21873842592592593,
  "ave_i_frame_psnr": 41.680837855404796,
  "ave_i_frame_msssim": 0.0,
  "ave_i_frame_psnr_y": 40.1200004379353,
  "ave_i_frame_psnr_u": 45.58742666531887,
  "ave_i_frame_psnr_v": 47.139273550307664,
  "ave_i_frame_msssim_y": 0.0,
  "ave_i_frame_msssim_u": 0.0,
  "ave_i_frame_msssim_v": 0.0,
  "test_time": 82.00128626823425,
  "ave_p_frame_bpp": 0.07247872287785448,
  "ave_p_frame_psnr": 39.79943128041783,
  "ave_p_frame_msssim": 0.0,
  "ave_p_frame_psnr_y": 38.301689569392465,
  "ave_p_frame_psnr_u": 43.78195638860603,
  "ave_p_frame_psnr_v": 44.80335643838192,
  "ave_p_frame_msssim_y": 0.0,
  "ave_p_frame_msssim_u": 0.0,
  "ave_p_frame_msssim_v": 0.0,
  "ave_all_frame_bpp": 0.07277124228395061,
  "ave_all_frame_psnr": 39.8031940935678,
  "ave_all_frame_msssim": 0.0,
  "avg_frame_encoding_time": 0.02062789858603964,
  "avg_frame_decoding_time": 0.021341179828254543,
  "ave_all_frame_psnr_y": 38.305326191129545,
  "ave_all_frame_psnr_u": 43.78556732915945,
  "ave_all_frame_psnr_v": 44.80802827260577,
  "ave_all_frame_msssim_y": 0.0,
  "ave_all_frame_msssim_u": 0.0,
  "ave_all_frame_msssim_v": 0.0
}