{
  "frame_pixel_num": 2073600,
  "i_frame_num": 1,
  "p_frame_num": 499,
  "ave_i_frame_bpp": 0.03539351851851852,
  "ave_i_frame_psnr": 37.19753674338093,
  "ave_i_frame_msssim": 0.0,
  "ave_i_frame_psnr_y": 35.433621449952625,
  "ave_i_frame_psnr_u": 42.64336648014279,
  "ave_i_frame_psnr_v": 42.335198767188885,
  "ave_i_frame_msssim_y": 0.0,
  "ave_i_frame_msssim_u": 0.0,
  "ave_i_frame_msssim_v": 0.0,
  "test_time": 78.13244485855103,
  "ave_p_frame_bpp": 0.0060362314134441725,
  "ave_p_frame_psnr": 34.48328427142275,
  "ave_p_frame_msssim": 0.0,
  "ave_p_frame_psnr_y": 32.50148471427822,
  "ave_p_frame_psnr_u": 40.81252069826058,
  "ave_p_frame_psnr_v": 40.04484518745227,
  "ave_p_frame_msssim_y": 0.0,
  "ave_p_frame_msssim_u": 0.0,
  "ave_p_frame_msssim_v": 0.0,
  "ave_all_frame_bpp": 0.006094945987654321,
  "ave_all_frame_psnr": 34.48871277636667,
  "ave_all_frame_msssim": 0.0,
  "avg_frame_encoding_time": 0.018456403090029348,
  "avg_frame_decoding_time": 0.020522201304533045,
  "ave_all_frame_psnr_y": 32.50734898774957,
  "ave_all_frame_psnr_u": 40.81618238982435,
  "ave_all_frame_psnr_v": 40.049425894611744,
  "ave_all_frame_msssim_y": 0.0,
  "ave_all_frame_msssim_u": 0.0,
  "ave_all_frame_msssim_v": 0.0
}